[
	{ 
		"nombre": "ANIO",
		"tipo": "NUMERICO",
		"TAMANO": 4
	},
	{ 
		"nombre": "FORMATO",
		"tipo": "ALFANUMERICO",
		"TAMANO": 10
	},
	{ 
		"nombre": "CONCEPTO",
		"tipo": "ALFANUMERICO",
		"TAMANO": 10
	},
	{ 
		"nombre": "TERCERO",
		"tipo": "ALFANUMERICO",
		"TAMANO": 15
	},
	{ 
		"nombre": "MANDANTE",
		"tipo": "ALFANUMERICO",
		"TAMANO": 15
	},
	{ 
		"nombre": "FIDEICOMISO",
		"tipo": "ALFANUMERICO",
		"TAMANO": 20
	},
	{ 
		"nombre": "VALOR1",
		"tipo": "NUMERICO",
		"TAMANO": 20
	},	
	{ 
		"nombre": "VALOR2",
		"tipo": "NUMERICO",
		"TAMANO": 20
	},
	{ 
		"nombre": "VALOR3",
		"tipo": "NUMERICO",
		"TAMANO": 20
	},{ 
		"nombre": "VALOR4",
		"tipo": "NUMERICO",
		"TAMANO": 20
	},
	{ 
		"nombre": "VALOR5",
		"tipo": "NUMERICO",
		"TAMANO": 20
	},
	{ 
		"nombre": "VALOR6",
		"tipo": "NUMERICO",
		"TAMANO": 20
	},
	{ 
		"nombre": "VALOR7",
		"tipo": "NUMERICO",
		"TAMANO": 20
	},
	{ 
		"nombre": "VALOR8",
		"tipo": "NUMERICO",
		"TAMANO": 20
	},
	{ 
		"nombre": "VALOR9",
		"tipo": "NUMERICO",
		"TAMANO": 20
	},
	{ 
		"nombre": "TIPO FIDEICOMISO",
		"tipo": "ALFANUMERICO",
		"TAMANO": 2
	},
	{ 
		"nombre": "SUBTIPO FIDEICOMISO",
		"tipo": "ALFANUMERICO",
		"TAMANO": 4
	},
	{ 
		"nombre": "VALOR10",
		"tipo": "NUMERICO",
		"TAMANO": 20
	},
	{ 
		"nombre": "VALOR11",
		"tipo": "NUMERICO",
		"TAMANO": 20
	}
] 