<?xml version="1.0" encoding="UTF-8"?>

<templates>
    <t t-name="LeadMiningRequest.generate_leads_button" owl="1">
        <button  type="button" class="btn btn-secondary o_button_generate_leads" t-on-click="onClickGenerarBusqueda" >
            CREAR NUEVO MEDIO MAGNETICO
        </button>
    </t>

    <t t-name="LeadMiningRequestListView.buttons" t-inherit="web.ListView.Buttons" t-inherit-mode="primary" owl="1">
        <!-- Before the export button -->
        
        <xpath expr="(//div/*)[last()]" position="before">  
            <t t-call="LeadMiningRequest.generate_leads_button"/>
        </xpath>     
    </t>    

</templates>